0001.HK	長和
0002.HK	中電控股
0003.HK	香港中華煤氣
0004.HK	九龍倉集團
0005.HK	匯豐控股
0006.HK	電能實業
0007.HK	香港金融集團
0008.HK	電訊盈科
0009.HK	金奧國際
0010.HK	恒隆集團
0011.HK	恒生銀行
0012.HK	恒基地產
0014.HK	希慎興業
0015.HK	盈信控股
0016.HK	新鴻基地產
0017.HK	新世界發展
0018.HK	東方報業集團
0019.HK	太古股份公司Ａ
0020.HK	會德豐
0021.HK	大中華地產控股
0022.HK	茂盛控股
0023.HK	東亞銀行
0024.HK	寶威控股
0025.HK	CHEVALIER INT'L
0026.HK	中華汽車
0027.HK	銀河娛樂
0028.HK	天安
0029.HK	達力集團
0030.HK	萬隆控股集團
0031.HK	航天控股
0032.HK	港通控股
0033.HK	雲銅股份
0034.HK	九龍建業
0035.HK	遠東發展
0036.HK	遠東控股國際
0037.HK	遠東酒店實業
0038.HK	第一拖拉機股份
0039.HK	中國北大荒
0040.HK	金山工業
0041.HK	鷹君
0042.HK	東北電氣
0043.HK	卜蜂國際
0045.HK	大酒店
0046.HK	科聯系統
0047.HK	合興集團
0048.HK	中國汽車內飾
0050.HK	香港小輪（集團）
0051.HK	海港企業
0052.HK	FAIRWOOD HOLD
0053.HK	國浩集團
0055.HK	中星集團控股
0056.HK	聯合地產（香港）
0057.HK	震雄集團
0058.HK	新威國際
0059.HK	天譽置業
0060.HK	香港食品投資
0061.HK	綠領控股
0062.HK	載通
0063.HK	中國烯谷集團
0064.HK	結好控股
0065.HK	弘海高新資源
0066.HK	港鐵公司
0067.HK	旭光高新材料
0068.HK	利興發展
0069.HK	香格里拉（亞洲）
0070.HK	金粵控股
0071.HK	美麗華酒店
0072.HK	現代傳播
0073.HK	亞洲果業
0075.HK	渝太地產
0076.HK	誼礫控股
0077.HK	進智公共交通
0078.HK	REGAL INT'L
0079.HK	世紀建業
0081.HK	中國海外宏洋集團
0082.HK	第一視頻
0083.HK	信和置業
0084.HK	寶光實業
0085.HK	中電華大科技
0086.HK	新鴻基公司
0087.HK	太古股份公司Ｂ
0088.HK	TAI CHEUNG HOLD
0089.HK	大生地產
0090.HK	普星潔能
0091.HK	金禧國際控股
0092.HK	冠軍科技集團
0093.HK	TERMBRAY IND
0094.HK	綠心集團
0095.HK	綠景中國地產
0096.HK	ＹＵＳＥＩ
0097.HK	恒基發展
0098.HK	興發鋁業
0099.HK	王氏國際
0100.HK	白馬戶外媒體
0101.HK	恒隆地產
0102.HK	凱升控股
0103.HK	首長寶佳
0104.HK	ASIA COMM HOLD
0105.HK	凱聯國際酒店
0106.HK	朗詩地產
0107.HK	四川成渝高速公路
0108.HK	國銳地產
0109.HK	天成國際
0110.HK	中國長遠
0111.HK	信達國際控股
0112.HK	勒泰集團
0113.HK	迪生創建
0114.HK	HERALD HOLD
0115.HK	鈞濠集團
0116.HK	周生生
0117.HK	天利控股集團
0118.HK	大同機械
0119.HK	保利置業集團
0120.HK	COSMOPOL INT'L
0122.HK	鱷魚恤
0123.HK	越秀地產
0124.HK	粵海置地
0125.HK	新興光學
0126.HK	佳寧娜
0127.HK	華人置業
0128.HK	安寧控股
0129.HK	泛海集團
0130.HK	慕詩國際
0131.HK	卓能（集團）
0132.HK	中國興業控股
0135.HK	昆侖能源
0136.HK	恒騰網絡
0137.HK	金輝集團
0138.HK	中建富通
0139.HK	中達集團控股
0141.HK	天禧海嘉控股
0142.HK	第一太平
0143.HK	國安國際
0144.HK	招商局港口
0145.HK	香港建屋貸款
0146.HK	TAI PING CARPET
0147.HK	國際商業結算
0148.HK	建滔集團
0149.HK	中國農產品交易
0150.HK	HYPEBEAST
0151.HK	中國旺旺
0152.HK	深圳國際
0153.HK	中國賽特
0154.HK	北京控股環境集團
0155.HK	中國源暢
0156.HK	力寶華潤
0157.HK	自然美
0158.HK	萬邦投資
0159.HK	布萊克萬礦業
0160.HK	漢國置業
0162.HK	世紀金花
0163.HK	英皇國際
0164.HK	中國寶力科技
0165.HK	中國光大控股
0166.HK	新時代能源
0167.HK	IDT INT'L
0168.HK	青島啤酒股份
0169.HK	萬達酒店發展
0171.HK	銀建國際
0172.HK	金榜集團
0173.HK	嘉華國際
0174.HK	盛洋投資
0175.HK	吉利汽車
0176.HK	先機企業集團
0177.HK	江蘇寧滬高速公路
0178.HK	莎莎國際
0179.HK	德昌電機控股
0180.HK	開達集團
0181.HK	閩港控股
0182.HK	協合新能源
0183.HK	宏輝集團
0184.HK	激成投資
0185.HK	正商實業
0186.HK	敏捷控股
0187.HK	京城機電股份
0188.HK	新華匯富金融
0189.HK	東岳集團
0190.HK	香港建設（控股）
0191.HK	麗新國際
0193.HK	冠中地產
0194.HK	廖創興企業
0195.HK	綠科科技國際
0196.HK	宏華集團
0197.HK	亨泰
0198.HK	星美控股
0199.HK	德祥地產
0200.HK	新濠國際發展
0201.HK	華大酒店
0202.HK	潤中國際控股
0205.HK	財訊傳媒
0206.HK	華商國際海洋控股
0207.HK	大悅城地產
0208.HK	保利達資產
0209.HK	瀛晟科學
0210.HK	達芙妮國際
0211.HK	STYLAND HOLD
0212.HK	NANYANG HOLD
0213.HK	NATIONAL ELEC H
0214.HK	匯漢控股
0215.HK	和記電訊香港
0216.HK	建業實業
0217.HK	中國誠通發展集團
0218.HK	申萬宏源香港
0219.HK	順豪物業
0220.HK	統一企業中國
0221.HK	易易壹金融
0222.HK	閩信集團
0223.HK	易生活控股
0224.HK	建生國際
0225.HK	博富臨置業
0226.HK	力寶
0227.HK	第一上海
0228.HK	中能控股
0229.HK	利民實業
0230.HK	五礦地產
0231.HK	平安證券集團控股
0232.HK	中國航空工業國際
0234.HK	新世紀集團
0235.HK	中策集團
0236.HK	香港生力啤
0237.HK	安全貨倉
0238.HK	長興國際
0239.HK	白花油
0240.HK	利基控股
0241.HK	阿里健康
0242.HK	信德集團
0243.HK	QPL INT'L
0244.HK	先施
0245.HK	中國民生金融
0247.HK	TST PROPERTIES
0248.HK	香港通訊國際控股
0250.HK	中國數碼信息
0251.HK	爪哇控股
0252.HK	華信地產財務
0253.HK	順豪控股
0254.HK	國家聯合資源
0255.HK	龍記集團
0256.HK	冠城鐘錶珠寶
0257.HK	中國光大國際
0258.HK	湯臣集團
0259.HK	億都（國際控股）
0260.HK	幸福控股
0261.HK	大灣區投資控股
0262.HK	迪臣發展國際
0263.HK	高富集團控股
0264.HK	中聯發展控股
0265.HK	東勝旅遊
0266.HK	天德地產
0267.HK	中信股份
0268.HK	金蝶國際
0269.HK	中國資源交通
0270.HK	粵海投資
0271.HK	亞證地產
0272.HK	瑞安房地產
0273.HK	茂宸集團
0274.HK	中富資源
0275.HK	凱華集團
0276.HK	蒙古能源
0277.HK	太興置業
0278.HK	華廈置業
0279.HK	民眾金融科技
0280.HK	景福集團
0281.HK	川河集團
0282.HK	壹傳媒
0285.HK	比亞迪電子
0286.HK	愛帝宮
0287.HK	永發置業
0288.HK	萬洲國際
0289.HK	WING ON CO
0290.HK	中國富強金融
0291.HK	華潤啤酒
0292.HK	泛海酒店
0293.HK	國泰航空
0294.HK	長江製衣
0295.HK	江山控股
0296.HK	英皇娛樂酒店
0297.HK	中化化肥
0298.HK	莊士中國
0299.HK	寶新置地
0301.HK	三和精化
0302.HK	中手游
0303.HK	VTECH HOLDINGS
0305.HK	五菱汽車
0306.HK	冠忠巴士集團
0307.HK	優派能源發展
0308.HK	香港中旅
0309.HK	新華通訊頻媒
0311.HK	聯泰控股
0312.HK	歲寶百貨
0313.HK	裕田中國
0315.HK	數碼通電訊
0316.HK	東方海外國際
0317.HK	中船防務
0318.HK	黃河實業
0320.HK	金寶通
0321.HK	德永佳集團
0322.HK	康師傅控股
0323.HK	馬鞍山鋼鐵股份
0326.HK	中國星集團
0327.HK	百富環球
0328.HK	ALCO HOLDINGS
0329.HK	東建國際
0330.HK	思捷環球
0331.HK	豐盛服務集團
0332.HK	元亨燃氣
0333.HK	黛麗斯國際
0334.HK	華顯光電
0335.HK	美建集團
0336.HK	華寶國際
0337.HK	綠地香港
0338.HK	上海石油化工股份
0340.HK	潼關黃金
0341.HK	大家樂集團
0342.HK	新海能源
0343.HK	文化傳信
0345.HK	VITASOY INT'L
0346.HK	延長石油國際
0347.HK	鞍鋼股份
0348.HK	中國智能健康
0351.HK	亞洲能源物流
0352.HK	富陽
0353.HK	能源國際投資
0354.HK	中國軟件國際
0355.HK	世紀城市國際
0357.HK	美蘭空港
0358.HK	江西銅業股份
0359.HK	海升果汁
0360.HK	新焦點
0361.HK	順龍控股
0362.HK	信陽毛尖
0363.HK	上海實業控股
0364.HK	區塊鏈集團
0365.HK	芯成科技
0366.HK	陸氏集團（越南）
0367.HK	莊士機構國際
0369.HK	永泰地產
0370.HK	國華
0371.HK	北控水務集團
0372.HK	保德國際發展
0373.HK	聯合集團
0374.HK	四洲集團
0375.HK	YGM TRADING
0376.HK	雲鋒金融
0377.HK	華君國際集團
0378.HK	五龍動力
0379.HK	恒嘉融資租賃
0380.HK	冠力國際
0381.HK	僑雄國際
0382.HK	中滙集團
0383.HK	中國醫療網絡
0384.HK	中國燃氣
0385.HK	建聯集團
0386.HK	中國石油化工股份
0387.HK	力豐（集團）
0388.HK	香港交易所
0389.HK	通天酒業
0390.HK	中國中鐵
0391.HK	美亞娛樂資訊
0392.HK	北京控股
0393.HK	旭日企業
0395.HK	中國智能集團
0396.HK	興利（香港）控股
0397.HK	權威金融
0398.HK	東方表行集團
0399.HK	領航醫藥生物科技
0400.HK	科通芯城
0401.HK	萬嘉集團
0402.HK	天下圖控股
0403.HK	星光集團
0406.HK	有利集團
0408.HK	葉氏化工集團
0410.HK	ＳＯＨＯ中國
0411.HK	南順（香港）
0412.HK	中國山東高速金融
0413.HK	南華集團控股
0416.HK	錦州銀行
0417.HK	謝瑞麟
0418.HK	方正控股
0419.HK	華誼騰訊娛樂
0420.HK	福田實業
0422.HK	越南製造加工出口
0423.HK	經濟日報集團
0425.HK	敏實集團
0426.HK	萬華媒體
0430.HK	東方網庫
0431.HK	大中華金融
0432.HK	盈大地產
0433.HK	北方礦業
0434.HK	博雅互動
0436.HK	新宇環保
0438.HK	彩虹新能源
0439.HK	光啟科學
0440.HK	大新金融
0442.HK	海福德集團
0444.HK	SINCEREWATCH HK
0445.HK	中集天達
0449.HK	志高控股
0450.HK	鴻興印刷集團
0451.HK	協鑫新能源
0455.HK	天大藥業
0456.HK	新城市建設發展
0458.HK	聯亞集團
0459.HK	美聯工商舖
0460.HK	四環醫藥
0462.HK	天然乳品
0464.HK	中國海外諾信
0465.HK	富通科技
0467.HK	聯合能源集團
0468.HK	紛美包裝
0469.HK	凱普松國際
0471.HK	中播控股
0472.HK	新絲路文旅
0474.HK	昊天發展集團
0475.HK	中發展控股
0476.HK	中國動力控股
0479.HK	華建控股
0480.HK	香港興業國際
0482.HK	聖馬丁國際
0483.HK	包浩斯國際
0484.HK	雲遊控股
0485.HK	中國華星
0486.HK	俄鋁
0487.HK	實德環球
0488.HK	麗新發展
0489.HK	東風集團股份
0491.HK	英皇文化產業
0493.HK	國美零售
0495.HK	PALADIN
0496.HK	卡森國際
0497.HK	資本策略地產
0498.HK	保華集團
0499.HK	青島控股
0500.HK	先豐服務集團
0503.HK	朗生醫藥
0505.HK	歡悅互娛
0506.HK	中國食品
0508.HK	鼎億集團投資
0509.HK	世紀陽光
0510.HK	時富金融服務集團
0511.HK	電視廣播
0512.HK	遠大醫藥
0513.HK	恆和集團
0515.HK	達進東方照明
0517.HK	中遠海運國際
0518.HK	同得仕（集團）
0519.HK	實力建業
0520.HK	呷哺呷哺
0521.HK	CWT INT'L
0522.HK	ASM PACIFIC
0524.HK	長城一帶一路
0525.HK	廣深鐵路股份
0526.HK	中國汽車新零售
0527.HK	瑞風新能源
0528.HK	金達控股
0529.HK	SIS INT'L
0530.HK	高銀金融
0531.HK	順誠
0532.HK	WKK INTL (HOLD)
0533.HK	金利來集團
0535.HK	金地商置
0536.HK	貿易通
0538.HK	味千（中國）
0539.HK	冠華國際控股
0540.HK	迅捷環球控股
0542.HK	富元國際集團
0543.HK	太平洋網絡
0544.HK	大同集團
0546.HK	阜豐集團
0547.HK	數字王國
0548.HK	深圳高速公路股份
0550.HK	KK文化
0551.HK	裕元集團
0552.HK	中國通信服務
0553.HK	南京熊貓電子股份
0554.HK	漢思能源
0555.HK	御泰中彩控股
0556.HK	泛亞環保
0557.HK	天元醫療
0558.HK	力勁科技
0559.HK	德泰新能源集團
0560.HK	珠江船務
0563.HK	上實城市開發
0564.HK	鄭煤機
0565.HK	錦藝集團控股
0567.HK	大昌微綫集團
0568.HK	山東墨龍
0570.HK	中國中藥
0571.HK	豐德麗控股
0572.HK	未來世界金融
0573.HK	稻香控股
0574.HK	百信國際
0575.HK	勵晶太平洋
0576.HK	浙江滬杭甬
0577.HK	南岸集團
0578.HK	融信資源
0579.HK	京能清潔能源
0580.HK	賽晶電力電子
0581.HK	中國東方集團
0582.HK	藍鼎國際
0583.HK	長城環亞控股
0585.HK	意馬國際
0586.HK	海螺創業
0587.HK	華瀚健康
0588.HK	北京北辰實業股份
0589.HK	建中建設
0590.HK	六福集團
0591.HK	中國高精密
0592.HK	BOSSINI INT'L
0593.HK	夢東方
0595.HK	AV CONCEPT HOLD
0596.HK	浪潮國際
0598.HK	中國外運
0599.HK	怡邦行控股
0600.HK	中國基建投資
0601.HK	稀鎂科技
0602.HK	佳華百貨控股
0603.HK	中油燃氣
0604.HK	深圳控股
0605.HK	中國金融投資管理
0607.HK	豐盛控股
0608.HK	達利國際
0609.HK	天德化工
0610.HK	WAI KEE HOLD
0611.HK	中國核能科技
0613.HK	梧桐國際
0616.HK	高山企業
0617.HK	百利保控股
0618.HK	北大資源
0619.HK	南華金融
0620.HK	大唐西市
0621.HK	壇金礦業
0622.HK	威華達控股
0623.HK	中視金橋
0626.HK	大眾金融控股
0627.HK	福晟國際
0628.HK	國美金融科技
0629.HK	悅達國際控股
0630.HK	雋泰控股
0631.HK	三一國際
0632.HK	中港石油
0633.HK	中國全通
0635.HK	彩星集團
0636.HK	嘉里物流
0637.HK	利記
0638.HK	建溢集團
0639.HK	首鋼資源
0640.HK	星謙發展
0641.HK	中國恒天立信國際
0643.HK	恆富控股
0645.HK	安域亞洲
0646.HK	中國環保科技
0648.HK	中國華仁醫療
0650.HK	ＩＤＧ能源投資
0651.HK	中海重工
0653.HK	卓悅控股
0655.HK	香港華人有限公司
0656.HK	復星國際
0657.HK	環科國際
0658.HK	中國高速傳動
0659.HK	新創建集團
0660.HK	瑋俊生物科技
0661.HK	中國大冶有色金屬
0662.HK	亞洲金融
0663.HK	金山能源
0665.HK	海通國際
0667.HK	中國東方教育
0668.HK	東銀國際控股
0669.HK	創科實業
0670.HK	中國東方航空股份
0672.HK	眾安集團
0673.HK	中國衛生集團
0674.HK	中國唐商
0675.HK	堅寶國際
0676.HK	創信國際
0677.HK	金源米業
0678.HK	雲頂香港
0679.HK	亞洲聯網科技
0680.HK	南海控股
0681.HK	中民控股
0682.HK	超大現代
0683.HK	嘉里建設
0684.HK	亞倫國際
0685.HK	世界華文媒體
0686.HK	熊貓綠能
0687.HK	泰昇集團
0688.HK	中國海外發展
0689.HK	長盈集團（控股）
0690.HK	聯康生物科技集團
0691.HK	山水水泥
0693.HK	陳唱國際
0694.HK	北京首都機場股份
0695.HK	東吳水泥
0696.HK	中國民航信息網絡
0697.HK	首程控股
0698.HK	通達集團
0699.HK	神州租車
0700.HK	騰訊控股
0701.HK	CNT GROUP
0702.HK	中國油氣控股
0703.HK	FUTURE BRIGHT
0704.HK	和嘉控股
0706.HK	美麗中國控股
0707.HK	亞洲電視控股
0708.HK	恒大健康
0709.HK	佐丹奴國際
0710.HK	京東方精電
0711.HK	亞洲聯合基建控股
0712.HK	卡姆丹克太陽能
0713.HK	世界（集團）
0715.HK	中泛控股
0716.HK	勝獅貨櫃
0717.HK	英皇證券
0718.HK	太和控股
0719.HK	山東新華製藥股份
0720.HK	意達利控股
0722.HK	聯合醫務
0723.HK	信保環球控股
0724.HK	瑞鑫國際集團
0725.HK	恆都集團
0726.HK	築友智造科技
0727.HK	皇冠環球集團
0728.HK	中國電信
0729.HK	五龍電動車
0730.HK	SHOUGANG GRAND
0731.HK	森信紙業集團
0732.HK	信利國際
0733.HK	合富輝煌
0736.HK	中國置業投資
0737.HK	灣區發展
0738.HK	萊爾斯丹
0743.HK	亞洲水泥（中國）
0745.HK	中國國家文化產業
0746.HK	理文化工
0747.HK	瀋陽公用發展股份
0750.HK	水發興業能源
0751.HK	創維集團
0752.HK	PICO FAR EAST
0753.HK	中國國航
0754.HK	合生創展集團
0755.HK	上海証大
0756.HK	森美控股
0757.HK	陽光能源
0758.HK	新華聯資本
0759.HK	CEC INT'L HOLD
0760.HK	新天地產集團
0762.HK	中國聯通
0763.HK	中興通訊
0764.HK	永恒策略
0765.HK	PERFECTECH INTL
0766.HK	中盈集團控股
0767.HK	亞太絲路投資
0769.HK	中國稀土
0771.HK	自動系統
0772.HK	閱文集團
0775.HK	長江生命科技
0776.HK	帝國集團環球控股
0777.HK	網龍
0780.HK	同程藝龍
0784.HK	凌銳控股
0787.HK	利標品牌
0788.HK	中國鐵塔
0789.HK	雅天妮集團
0794.HK	錦勝集團（控股）
0797.HK	第七大道
0798.HK	中電光谷
0799.HK	IGG
0800.HK	Ａ８新媒體
0801.HK	金衛醫療
0802.HK	中國錢包
0803.HK	昌興國際
0804.HK	鼎石資本
0806.HK	惠理集團
0807.HK	上海實業環境
0809.HK	大成生化科技
0811.HK	新華文軒
0812.HK	西證國際證券
0813.HK	世茂房地產
0814.HK	北京京客隆
0815.HK	中國白銀集團
0816.HK	華電福新
0817.HK	中國金茂
0818.HK	高陽科技
0819.HK	天能動力
0821.HK	匯盈控股
0822.HK	嘉瑞國際
0823.HK	領展房產基金
0825.HK	新世界百貨中國
0826.HK	天工國際
0827.HK	玖源集團
0828.HK	王朝酒業
0829.HK	神冠控股
0830.HK	中國建築興業
0831.HK	利亞零售
0832.HK	建業地產
0833.HK	華訊
0834.HK	康大食品
0836.HK	華潤電力
0837.HK	譚木匠
0838.HK	億和控股
0839.HK	中教控股
0840.HK	天業節水
0841.HK	木薯資源
0842.HK	理士國際
0844.HK	廣泰國際控股
0845.HK	恒盛地產
0846.HK	明發集團
0848.HK	茂業國際
0850.HK	久康國際
0851.HK	盛源控股
0852.HK	海峽石油化工
0853.HK	微創醫療
0854.HK	威雅利
0855.HK	中國水務
0856.HK	偉仕佳杰
0857.HK	中國石油股份
0858.HK	精優藥業
0859.HK	中昌國際控股
0860.HK	力世紀
0861.HK	神州控股
0862.HK	遠見控股
0863.HK	ＢＣ科技集團
0864.HK	永利地產發展
0865.HK	建德國際控股
0866.HK	中國秦發
0867.HK	康哲藥業
0868.HK	信義玻璃
0869.HK	彩星玩具
0871.HK	中國疏浚環保
0872.HK	啟迪國際
0874.HK	白雲山
0875.HK	中國金控
0876.HK	佳兆業健康
0877.HK	昂納科技集團
0878.HK	金朝陽集團
0880.HK	澳博控股
0881.HK	中升控股
0882.HK	天津發展
0883.HK	中國海洋石油
0884.HK	旭輝控股集團
0885.HK	仁天科技控股
0886.HK	銀基集團
0887.HK	英皇鐘錶珠寶
0888.HK	貝森金融
0889.HK	連達科技控股
0891.HK	利邦
0893.HK	中國鐵鈦
0894.HK	萬裕科技
0895.HK	東江環保
0896.HK	興勝創建
0897.HK	位元堂
0898.HK	萬事昌國際
0899.HK	亞洲資源
0900.HK	AEON CREDIT
0902.HK	華能國際電力股份
0904.HK	中綠
0906.HK	中糧包裝
0907.HK	高雅光學
0908.HK	珠海控股投資
0910.HK	中國三迪
0911.HK	前海健康
0912.HK	信佳國際
0914.HK	海螺水泥
0915.HK	道和環球
0916.HK	龍源電力
0918.HK	國能國際資產
0919.HK	現代美容
0921.HK	海信家電
0922.HK	安賢園中國
0923.HK	綜合環保集團
0924.HK	坤集團
0925.HK	北京建設
0926.HK	碧生源
0927.HK	富士高實業
0928.HK	蓮和醫療
0929.HK	國際精密
0931.HK	中國天然氣
0932.HK	順騰國際控股
0933.HK	光匯石油
0934.HK	中石化冠德
0935.HK	龍翔集團
0936.HK	鵬程亞洲
0938.HK	民生國際
0939.HK	建設銀行
0941.HK	中國移動
0943.HK	意科控股
0945.HK	宏利金融－Ｓ
0947.HK	摩比發展
0948.HK	阿爾法企業
0950.HK	李氏大藥廠
0951.HK	超威動力
0952.HK	中國通海金融
0953.HK	邵氏兄弟控股
0954.HK	常茂生物
0956.HK	新天綠色能源
0959.HK	世紀娛樂國際
0960.HK	龍湖集團
0966.HK	中國太平
0967.HK	桑德國際
0968.HK	信義光能
0969.HK	華聯國際
0970.HK	耀萊集團
0973.HK	L'OCCITANE
0974.HK	中國順客隆
0975.HK	MONGOL MINING
0976.HK	齊合環保
0978.HK	招商局置地
0979.HK	綠色能源科技集團
0980.HK	聯華超市
0981.HK	中芯國際
0982.HK	華金國際資本
0983.HK	瑞安建業
0984.HK	永旺
0985.HK	中譽集團
0986.HK	中國環保能源
0987.HK	中國再生能源投資
0988.HK	絲路物流控股
0989.HK	廣澤國際發展
0990.HK	榮暉國際
0991.HK	大唐發電
0992.HK	聯想集團
0993.HK	華融金控
0994.HK	中天宏信
0995.HK	安徽皖通高速公路
0996.HK	嘉年華國際
0997.HK	普匯中金國際
0998.HK	中信銀行
0999.HK	I.T
1000.HK	北青傳媒
1001.HK	滬港聯合
1002.HK	威鋮國際
1003.HK	歡喜傳媒
1004.HK	中國智慧能源
1005.HK	MATRIX HOLDINGS
1006.HK	長壽花食品
1007.HK	龍輝國際控股
1008.HK	貴聯控股
1009.HK	國際娛樂
1010.HK	太睿國際控股
1011.HK	泰凌醫藥
1013.HK	偉俊集團控股
1019.HK	康宏環球
1020.HK	賽伯樂國際控股
1022.HK	飛魚科技
1023.HK	時代集團控股
1025.HK	嘉藝控股
1026.HK	環球實業科技
1027.HK	中國集成控股
1028.HK	千百度
1029.HK	鐵貨
1030.HK	新城發展
1031.HK	金利豐金融
1033.HK	中石化油服
1034.HK	富匯建築控股
1036.HK	萬科海外
1037.HK	雲智匯科技
1038.HK	長江基建集團
1039.HK	鑫網易商
1041.HK	林達控股
1043.HK	光宇國際集團科技
1044.HK	恒安國際
1045.HK	亞太衛星
1046.HK	寰宇娛樂文化
1047.HK	毅興行
1049.HK	時富投資
1050.HK	嘉利國際
1051.HK	國際資源
1052.HK	越秀交通基建
1053.HK	重慶鋼鐵股份
1055.HK	中國南方航空股份
1057.HK	浙江世寶
1058.HK	粵海制革
1059.HK	看通集團
1060.HK	阿里影業
1061.HK	億勝生物科技
1063.HK	新確科技
1064.HK	中華國際
1065.HK	天津創業環保股份
1066.HK	威高股份
1068.HK	雨潤食品
1069.HK	寶沙發展
1070.HK	ＴＣＬ電子
1071.HK	華電國際電力股份
1072.HK	東方電氣
1073.HK	大禹金融
1075.HK	首都信息
1076.HK	博華太平洋
1079.HK	松景科技
1080.HK	勝利管道
1082.HK	香港教育國際
1083.HK	港華燃氣
1084.HK	綠新親水膠體
1085.HK	亨鑫科技
1086.HK	好孩子國際
1087.HK	威訊控股
1088.HK	中國神華
1089.HK	樂遊科技控股
1090.HK	大明國際
1091.HK	中信大錳
1093.HK	石藥集團
1094.HK	中國公共採購
1096.HK	中能國際控股
1097.HK	有線寬頻
1098.HK	路勁
1099.HK	國藥控股
1100.HK	飛達控股
1101.HK	華榮能源
1102.HK	環能國際
1103.HK	大生農業金融
1104.HK	亞太資源
1105.HK	星島
1106.HK	銘霖控股
1107.HK	當代置業
1108.HK	洛陽玻璃股份
1109.HK	華潤置地
1110.HK	金活醫藥集團
1111.HK	創興銀行
1112.HK	H&H國際控股
1113.HK	長實集團
1114.HK	BRILLIANCE CHI
1115.HK	西藏水資源
1116.HK	MAYER HOLDINGS
1117.HK	現代牧業
1118.HK	高力集團
1119.HK	創夢天地
1120.HK	雅視光學
1121.HK	寶峰時尚
1122.HK	慶鈴汽車股份
1123.HK	中港照相
1124.HK	沿海家園
1125.HK	麗豐控股
1126.HK	德林國際
1127.HK	獅子山集團
1128.HK	永利澳門
1129.HK	中國水業集團
1130.HK	中國環境資源
1131.HK	鴻寶資源
1132.HK	橙天嘉禾
1133.HK	哈爾濱電氣
1134.HK	恒發光學
1137.HK	香港電視
1138.HK	中遠海能
1139.HK	華多利集團
1141.HK	民銀資本
1142.HK	西伯利亞礦業
1143.HK	環亞國際實業
1145.HK	勇利投資
1146.HK	中國服飾控股
1147.HK	伊登軟件
1148.HK	新晨動力
1150.HK	米蘭站
1151.HK	依利安達
1152.HK	正乾金融控股
1155.HK	星辰通信
1157.HK	中聯重科
1158.HK	開元酒店
1159.HK	星光文化
1161.HK	奧思集團
1162.HK	瑩嵐集團
1164.HK	中廣核礦業
1165.HK	順風清潔能源
1166.HK	星凱控股
1168.HK	百仕達控股
1169.HK	海爾電器
1170.HK	信星集團
1171.HK	兗州煤業股份
1172.HK	融太集團
1173.HK	威高國際
1175.HK	鮮馳達控股
1176.HK	珠光控股
1177.HK	中國生物製藥
1178.HK	匯銀控股集團
1180.HK	匯彩控股
1181.HK	唐宮中國
1182.HK	勝龍國際
1183.HK	澳能建設
1184.HK	S.A.S. DRAGON
1185.HK	中國航天萬源
1186.HK	中國鐵建
1188.HK	正道集團
1189.HK	大灣區聚變力量
1190.HK	航標控股
1191.HK	中國中石控股
1192.HK	泰山石化
1193.HK	華潤燃氣
1194.HK	灣區黃金
1195.HK	京維集團
1196.HK	偉祿集團
1198.HK	皇朝傢俬
1199.HK	中遠海運港口
1200.HK	美聯集團
1201.HK	天臣控股
1202.HK	成都普天電纜股份
1203.HK	廣南（集團）
1205.HK	中信資源
1206.HK	同方泰德
1207.HK	上置集團
1208.HK	五礦資源
1210.HK	克莉絲汀
1211.HK	比亞迪股份
1212.HK	利福國際
1213.HK	萬保剛集團
1215.HK	開源控股
1216.HK	中原銀行
1218.HK	永義國際
1219.HK	天喔國際
1220.HK	志道國際
1221.HK	SINO HOTELS
1222.HK	WANG ON GROUP
1223.HK	新灃集團
1224.HK	中渝置地
1225.HK	隆成金融
1229.HK	南南資源
1230.HK	雅士利國際
1231.HK	新礦資源
1232.HK	金輪天地控股
1233.HK	時代中國控股
1234.HK	中國利郎
1235.HK	專業旅運
1237.HK	中科生物
1238.HK	寶龍地產
1239.HK	TEAMWAY INTL GP
1240.HK	青建國際
1241.HK	雙樺控股
1243.HK	宏安地產
1245.HK	NIRAKU
1246.HK	保集健康
1247.HK	米格國際控股
1249.HK	通力電子
1250.HK	北控清潔能源集團
1251.HK	華油能源
1252.HK	中國天瑞水泥
1253.HK	中國綠地博大綠澤
1255.HK	港大零售
1257.HK	中國光大綠色環保
1258.HK	中國有色礦業
1259.HK	未來發展控股
1260.HK	皓天財經集團
1262.HK	蠟筆小新食品
1263.HK	栢能集團
1265.HK	天津津燃公用
1266.HK	西王特鋼
1268.HK	美東汽車
1269.HK	首控集團
1270.HK	朗廷－ＳＳ
1271.HK	佳明集團控股
1272.HK	大唐環境
1273.HK	香港信貸
1277.HK	力量能源
1278.HK	中國新城鎮
1280.HK	奇點國際
1281.HK	隆基泰和智慧能源
1282.HK	寶新金融
1283.HK	高陞集團控股
1285.HK	嘉士利集團
1286.HK	鷹普精密
1288.HK	農業銀行
1289.HK	盛力達科技
1290.HK	中國匯融
1292.HK	長安民生物流
1293.HK	廣匯寶信
1296.HK	國電科環
1297.HK	中國擎天軟件
1298.HK	雲能國際
1299.HK	友邦保險
1300.HK	俊知集團
1301.HK	德基科技控股
1302.HK	先健科技
1303.HK	滙力資源
1305.HK	偉志控股
1308.HK	海豐國際
1310.HK	香港寬頻
1312.HK	同方康泰
1313.HK	華潤水泥控股
1314.HK	翠華控股
1315.HK	允升國際
1316.HK	耐世特
1317.HK	楓葉教育
1318.HK	格菱控股
1319.HK	靄華押業信貸
1321.HK	中國新城市
1322.HK	創達科技控股
1323.HK	華盛國際控股
1326.HK	傳遞娛樂
1327.HK	勵時集團
1328.HK	金涌投資
1329.HK	首創鉅大
1330.HK	綠色動力環保
1332.HK	中國透雲
1333.HK	中國忠旺
1335.HK	順泰控股
1336.HK	新華保險
1337.HK	雷蛇
1338.HK	霸王集團
1339.HK	中國人民保險集團
1340.HK	惠生國際
1341.HK	昊天國際建投
1343.HK	偉源控股
1345.HK	中國先鋒醫藥
1346.HK	利華控股集團
1347.HK	華虹半導體
1348.HK	滉達富控股
1349.HK	復旦張江
1353.HK	諾奇
1355.HK	朸濬國際
1357.HK	美圖公司
1358.HK	普華和順
1359.HK	中國信達
1360.HK	諾發集團
1361.HK	３６１度
1362.HK	新龍移動
1363.HK	中滔環保
1365.HK	潤東汽車
1366.HK	江南集團
1367.HK	廣州基金國際控股
1368.HK	特步國際
1369.HK	五洲國際
1370.HK	奧威控股
1371.HK	華彩控股
1372.HK	比速科技
1373.HK	國際家居零售
1375.HK	中州證券
1376.HK	RAFFLESINTERIOR
1378.HK	中國宏橋
1380.HK	中國金石
1381.HK	粵豐環保
1382.HK	互太紡織
1383.HK	太陽城集團
1385.HK	上海復旦
1386.HK	國投集團控股
1387.HK	中國地利
1388.HK	安莉芳控股
1389.HK	美捷滙控股
1393.HK	恒鼎實業
1395.HK	強泰環保
1396.HK	毅德國際
1397.HK	碧瑤綠色集團
1398.HK	工商銀行
1399.HK	飛毛腿
1400.HK	滿地科技股份
1401.HK	SPROCOMM INTEL
1402.HK	超智能控股
1410.HK	安領國際
1412.HK	雋思集團
1415.HK	高偉電子
1416.HK	CTR HOLDINGS
1417.HK	浦江中國
1418.HK	盛諾集團
1419.HK	盈健醫療
1420.HK	川控股
1421.HK	工蓋有限公司
1425.HK	捷隆控股
1427.HK	中國天保集團
1428.HK	耀才證券金融
1430.HK	蘇創燃氣
1431.HK	原生態牧業
1432.HK	中國聖牧
1433.HK	常達控股
1439.HK	移動互聯（中國）
1442.HK	INFINITY L&T
1443.HK	富臨集團控股
1446.HK	鴻福堂
1447.HK	新福港
1448.HK	福壽園
1450.HK	世紀睿科
1451.HK	萬成集團股份
1452.HK	迪諾斯環保
1456.HK	國聯證券
1458.HK	周黑鴨
1459.HK	巨匠建設
1460.HK	揚科集團
1461.HK	魯証期貨
1462.HK	金誠控股
1463.HK	C-LINK SQ
1466.HK	錢唐控股
1468.HK	京基金融國際
1469.HK	結好金融
1470.HK	富一國際控股
1472.HK	生興控股
1475.HK	日清食品
1476.HK	恒投證券
1478.HK	丘鈦科技
1480.HK	恩達集團控股
1483.HK	譽宴集團
1486.HK	思城控股
1488.HK	百福控股
1492.HK	中地乳業
1495.HK	集一家居
1496.HK	亞積邦租賃
1498.HK	培力控股
1499.HK	歐科雲鏈
1500.HK	現恆建築
1501.HK	康德萊醫械
1508.HK	中國再保險
1509.HK	和美醫療
1513.HK	麗珠醫藥
1515.HK	華潤醫療
1518.HK	新世紀醫療
1520.HK	華信金融投資
1521.HK	方達控股
1522.HK	京投交通科技
1523.HK	珩灣科技
1525.HK	建橋教育
1526.HK	瑞慈醫療
1527.HK	天潔環境
1528.HK	紅星美凱龍
1529.HK	健升物流中國
1530.HK	三生製藥
1532.HK	中國派對文化
1533.HK	莊園牧場
1536.HK	煜榮集團
1538.HK	中奧到家
1539.HK	滙能集團
1540.HK	澳獅環球
1542.HK	台州水務
1543.HK	中盈盛達融資擔保
1545.HK	設計都會
1546.HK	德萊建業
1547.HK	IBI GROUP HLDGS
1548.HK	金斯瑞生物科技
1549.HK	永豐集團控股
1551.HK	廣州農商銀行
1552.HK	BHCC HOLDING
1553.HK	邁科管業
1555.HK	ＭＩ能源
1556.HK	建業建榮
1557.HK	劍虹集團控股
1558.HK	東陽光藥
1559.HK	均安控股
1560.HK	星星地產
1561.HK	聯洋智能控股
1563.HK	友聯租賃
1565.HK	成實外教育
1566.HK	華夏文化科技
1568.HK	承達集團
1569.HK	民生教育
1570.HK	偉業控股
1571.HK	信邦控股
1572.HK	中國藝術金融
1573.HK	南方能源
1575.HK	慕容控股
1576.HK	齊魯高速
1577.HK	匯鑫小貸
1578.HK	天津銀行
1579.HK	頤海國際
1580.HK	大森控股
1581.HK	進昇集團控股
1582.HK	華營建築
1583.HK	親親食品
1585.HK	雅迪控股
1586.HK	中國力鴻
1587.HK	欣融國際
1588.HK	暢捷通
1589.HK	中國物流資產
1591.HK	汛和集團
1592.HK	基石控股
1593.HK	辰林教育
1596.HK	翼辰實業
1598.HK	２１世紀教育
1599.HK	城建設計
1600.HK	天倫燃氣
1601.HK	中關村科技租賃
1606.HK	國銀租賃
1608.HK	偉能集團
1609.HK	創建集團控股
1610.HK	中糧肉食
1611.HK	火幣科技
1612.HK	永勝醫療
1613.HK	協同通信
1615.HK	奧邦建築
1616.HK	星宏傳媒
1617.HK	南方通信
1618.HK	中國中冶
1620.HK	加達控股
1621.HK	域高國際控股
1622.HK	力高集團
1623.HK	海隆控股
1626.HK	嘉耀控股
1627.HK	安保工程控股
1628.HK	禹洲地產
1629.HK	冠均國際控股
1630.HK	建成控股
1631.HK	REF HOLDINGS
1632.HK	民商創科
1633.HK	上諭集團
1635.HK	大眾公用
1636.HK	中國金屬利用
1637.HK	順興集團控股
1638.HK	佳兆業集團
1639.HK	安捷利實業
1640.HK	瑞誠中國傳媒
1645.HK	海納智能
1647.HK	雄岸科技
1649.HK	內蒙古能建
1651.HK	津上機床中國
1652.HK	福森藥業
1653.HK	MOS HOUSE
1655.HK	OKURA HOLDINGS
1656.HK	億仕登控股
1657.HK	樺欣控股
1658.HK	郵儲銀行
1659.HK	海天能源
1660.HK	兆邦基地產
1661.HK	智美體育
1662.HK	義合控股
1663.HK	漢港控股
1665.HK	檳傑科達
1666.HK	同仁堂科技
1667.HK	進階發展
1668.HK	華南城
1669.HK	環球信貸集團
1671.HK	天保能源
1672.HK	歌禮製藥－Ｂ
1673.HK	華章科技
1675.HK	亞信科技
1676.HK	中國升海食品
1678.HK	中創環球
1679.HK	瑞斯康集團
1680.HK	澳門勵駿
1681.HK	康臣葯業
1682.HK	杭品生活科技
1683.HK	曠逸國際
1685.HK	博耳電力
1686.HK	新意網集團
1689.HK	華禧控股
1690.HK	立基工程控股
1691.HK	ＪＳ環球生活
1692.HK	登輝控股
1693.HK	璋利國際
1695.HK	椰豐集團
1696.HK	復銳醫療科技
1697.HK	山東國信
1698.HK	博士蛙國際
1699.HK	普甜食品
1701.HK	途屹控股
1702.HK	東光化工
1703.HK	首灃控股
1705.HK	賓仕國際
1706.HK	雙運控股
1707.HK	致浩達控股
1708.HK	三寶科技
1709.HK	德林控股
1710.HK	致豐工業電子
1711.HK	歐化
1712.HK	龍資源
1713.HK	四川能投發展
1715.HK	米技國際控股
1716.HK	毛記葵涌
1717.HK	澳優
1718.HK	宏基集團控股
1719.HK	中國通商集團
1720.HK	普天通信集團
1721.HK	FSM HOLDINGS
1722.HK	建鵬控股
1723.HK	港亞控股
1725.HK	恒達科技控股
1726.HK	HKE HOLDINGS
1727.HK	河北建設
1728.HK	正通汽車
1729.HK	匯聚科技
1730.HK	LHN
1731.HK	其利工業集團
1732.HK	象興國際
1733.HK	易大宗
1735.HK	中環控股
1736.HK	中國育兒網絡
1737.HK	亞洲實業集團
1738.HK	飛尚無煙煤
1739.HK	齊屹科技
1740.HK	新石文化
1741.HK	日贏控股
1742.HK	HPC HOLDINGS
1743.HK	蒼南儀錶
1745.HK	LVJI TECH
1746.HK	萬順集團控股
1747.HK	HOME CONTROL
1748.HK	信源企業集團
1749.HK	杉杉品牌
1750.HK	全達電器集團控股
1751.HK	景聯集團
1752.HK	澳洲成峰高教
1753.HK	兌吧
1755.HK	新城悅服務
1756.HK	華立大學集團
1757.HK	俊裕地基
1758.HK	博駿教育
1759.HK	中油潔能控股
1760.HK	英恒科技
1761.HK	寶寶樹集團
1762.HK	萬咖壹聯
1763.HK	中國同輻
1765.HK	希望教育
1766.HK	中國中車
1767.HK	TS WONDERS
1769.HK	思考樂教育
1771.HK	新豐泰集團
1772.HK	贛鋒鋰業
1773.HK	天立教育
1775.HK	精英匯集團
1776.HK	廣發証券
1777.HK	花樣年控股
1778.HK	彩生活
1780.HK	B & D STRATEGIC
1781.HK	新昌創展控股
1782.HK	飛思達科技
1783.HK	金侖控股有限公司
1785.HK	成都高速
1786.HK	鐵建裝備
1787.HK	山東黃金
1788.HK	國泰君安國際
1789.HK	愛康醫療
1790.HK	達力環保
1792.HK	CMON
1793.HK	偉工控股
1796.HK	耀高控股
1797.HK	新東方在綫
1798.HK	大唐新能源
1799.HK	新特能源
1800.HK	中國交通建設
1801.HK	信達生物－Ｂ
1802.HK	文業集團
1803.HK	北京體育文化
1806.HK	匯付天下
1808.HK	企展控股
1809.HK	浦林成山
1810.HK	小米集團－Ｗ
1811.HK	中廣核新能源
1812.HK	晨鳴紙業
1813.HK	合景泰富集團
1815.HK	金貓銀貓
1816.HK	中廣核電力
1817.HK	慕尚集團控股
1818.HK	招金礦業
1820.HK	濟豐包裝
1821.HK	ESR
1822.HK	弘達金融控股
1823.HK	華昱高速
1825.HK	STERLING GP
1826.HK	旭通控股
1827.HK	卓珈控股
1829.HK	中國機械工程
1830.HK	必瘦站
1831.HK	十方控股
1832.HK	海天地悅旅
1833.HK	平安好醫生
1835.HK	瑞威資管
1836.HK	九興控股
1837.HK	五谷磨房
1838.HK	CHINAPROPERTIES
1839.HK	中集車輛
1841.HK	優越集團控股
1842.HK	植華集團
1843.HK	快餐帝國
1845.HK	維港環保科技
1846.HK	德視佳
1847.HK	雲南建投混凝土
1848.HK	中國飛機租賃
1849.HK	創世紀集團控股
1850.HK	海鑫集團
1851.HK	銀杏教育
1853.HK	春城熱力
1854.HK	展程控股
1856.HK	依波路
1857.HK	中國光大水務
1858.HK	春立醫療
1859.HK	煜盛文化
1860.HK	匯量科技
1861.HK	保寶龍科技
1862.HK	景瑞控股
1863.HK	中國龍天集團
1865.HK	管道工程
1866.HK	中國心連心化肥
1867.HK	樂嘉思控股
1868.HK	同方友友
1869.HK	利寶閣集團
1870.HK	益美國際控股
1871.HK	向中國際
1872.HK	冠轈控股
1873.HK	維亞生物
1875.HK	東曜藥業－Ｂ
1876.HK	百威亞太
1877.HK	君實生物－Ｂ
1878.HK	南戈壁－Ｓ
1882.HK	海天國際
1883.HK	中信國際電訊
1884.HK	ＥＰＲＩＮＴ集團
1885.HK	中國優材
1886.HK	匯源果汁
1888.HK	建滔積層板
1889.HK	三愛健康集團
1890.HK	中國科培
1891.HK	興合控股
1894.HK	恒益控股
1895.HK	鑫苑服務
1896.HK	貓眼娛樂
1897.HK	美亨實業
1898.HK	中煤能源
1899.HK	興達國際
1900.HK	中國智能交通
1901.HK	飛揚集團
1902.HK	銀城國際控股
1903.HK	JBB BUILDERS
1905.HK	海通恆信
1906.HK	博尼控股
1907.HK	中國旭陽集團
1908.HK	建發國際集團
1909.HK	火岩控股
1910.HK	新秀麗
1911.HK	華興資本控股
1912.HK	康特隆
1913.HK	普拉達
1915.HK	泰和小貸
1916.HK	江西銀行
1917.HK	豆盟科技
1918.HK	融創中國
1919.HK	中遠海控
1920.HK	恆新豐控股
1921.HK	達力普控股
1922.HK	銀城生活服務
1925.HK	曠世控股
1928.HK	金沙中國有限公司
1929.HK	周大福
1930.HK	勛龍
1931.HK	華檢醫療
1932.HK	中漆集團
1933.HK	元力控股
1935.HK	嘉宏教育
1936.HK	RITAMIX
1937.HK	佳辰控股
1938.HK	珠江鋼管
1939.HK	東京中央拍賣
1941.HK	燁星集團
1942.HK	MOG HOLDINGS
1943.HK	銀濤控股
1949.HK	PLATT NERA
1950.HK	深藍科技控股
1951.HK	錦欣生殖
1953.HK	RIMBACO
1955.HK	莊臣控股
1958.HK	北京汽車
1959.HK	世紀聯合控股
1960.HK	TBKS HLDGS
1961.HK	九尊數字互娛
1962.HK	訓修實業
1963.HK	重慶銀行
1966.HK	中駿集團控股
1967.HK	信懇智能
1968.HK	興紡控股
1969.HK	中國春來
1970.HK	IMAX CHINA
1972.HK	太古地產
1975.HK	新興印刷
1977.HK	安樂工程
1978.HK	敘福樓集團
1979.HK	天寶集團
1980.HK	天鴿互動
1982.HK	南旋控股
1983.HK	瀘州銀行
1985.HK	美高域
1986.HK	彩客化學
1987.HK	BENG SOON MACH
1988.HK	民生銀行
1989.HK	松齡護老集團
1990.HK	興華港口
1991.HK	大洋集團
1992.HK	復星旅遊文化
1993.HK	雅仕維
1995.HK	永升生活服務
1996.HK	弘陽地產
1997.HK	九龍倉置業
1998.HK	飛克國際
1999.HK	敏華控股
2000.HK	晨訊科技
2001.HK	新高教集團
2002.HK	陽光紙業
2003.HK	維信金科
2005.HK	石四藥集團
2006.HK	錦江資本
2007.HK	碧桂園
2008.HK	鳳凰衛視
2009.HK	金隅集團
2010.HK	瑞年國際
2011.HK	中國恒泰集團
2012.HK	陽光油砂
2013.HK	微盟集團
2014.HK	浩澤淨水
2016.HK	浙商銀行
2017.HK	滄海控股
2018.HK	瑞聲科技
2019.HK	德信中國
2020.HK	安踏體育
2022.HK	遊萊互動
2023.HK	中國綠島科技
2025.HK	瑞豐動力
2028.HK	映美控股
2030.HK	卡賓
2031.HK	澳至尊
2033.HK	時計寶
2038.HK	富智康集團
2039.HK	中集集團
2048.HK	易居企業控股
2051.HK	５１信用卡
2060.HK	浦江國際
2066.HK	盛京銀行
2068.HK	中鋁國際
2078.HK	榮陽實業
2080.HK	奧克斯國際
2083.HK	大自然家居
2086.HK	海航科技投資
2088.HK	西王置業
2098.HK	卓爾智聯
2099.HK	中國黃金國際
2100.HK	百奧家庭互動
2103.HK	新力控股集團
2108.HK	K2 F&B
2111.HK	超盈國際控股
2112.HK	優庫資源
2113.HK	世紀集團國際
2116.HK	江蘇創新
2118.HK	天山發展控股
2119.HK	捷榮國際控股
2120.HK	康寧醫院
2122.HK	凱知樂國際
2123.HK	金盾控股
2128.HK	中國聯塑
2133.HK	信盛礦業
2136.HK	利福中國
2138.HK	香港醫思醫療集團
2139.HK	甘肅銀行
2163.HK	遠大住工
2166.HK	芯智控股
2168.HK	佳兆業美好
2178.HK	百勤油服
2180.HK	萬寶盛華
2181.HK	邁博藥業－Ｂ
2182.HK	天長集團
2183.HK	三盛控股
2186.HK	綠葉製藥
2188.HK	泰坦能源技術
2189.HK	嘉濤（香港）控股
2193.HK	萬景控股
2196.HK	復星醫藥
2198.HK	中國三江化工
2199.HK	維珍妮
2202.HK	萬科企業
2203.HK	腦洞科技
2208.HK	金風科技
2211.HK	大健康國際
2212.HK	高鵬礦業
2213.HK	益華控股
2218.HK	安德利果汁
2221.HK	創業集團控股
2222.HK	雷士國際
2223.HK	卡撒天嬌
2225.HK	今海國際
2226.HK	老恒和釀造
2227.HK	守益控股
2228.HK	中國節能海東青
2230.HK	羚邦集團
2231.HK	景業名邦集團
2232.HK	晶苑國際
2233.HK	西部水泥
2236.HK	惠生工程
2238.HK	廣汽集團
2239.HK	國微控股
2255.HK	海昌海洋公園
2258.HK	華滋國際海洋
2262.HK	梁志天設計集團
2263.HK	富石金融
2266.HK	黎氏企業
2268.HK	優源控股
2269.HK	藥明生物
2277.HK	華融投資股份
2278.HK	海藍控股
2280.HK	慧聰集團
2281.HK	興瀘水務
2282.HK	美高梅中國
2283.HK	東江集團控股
2286.HK	辰興發展
2288.HK	宏基資本
2289.HK	創美藥業
2292.HK	晉安實業
2293.HK	百本醫護
2296.HK	華記環球集團
2298.HK	都市麗人
2299.HK	百宏實業
2300.HK	澳科控股
2302.HK	中核國際
2303.HK	恒興黃金
2307.HK	錦興國際控股
2308.HK	研祥智能
2309.HK	伯明翰體育
2310.HK	申基國際
2313.HK	申洲國際
2314.HK	理文造紙
2317.HK	味丹國際
2318.HK	中國平安
2319.HK	蒙牛乳業
2320.HK	合豐集團
2322.HK	香港潮商集團
2323.HK	港橋金融
2326.HK	新源萬恒控股
2327.HK	美瑞健康國際
2328.HK	中國財險
2329.HK	國瑞置業
2330.HK	中國上城
2331.HK	李寧
2333.HK	長城汽車
2336.HK	海亮國際
2337.HK	眾誠能源
2338.HK	濰柴動力
2339.HK	京西國際
2340.HK	昇捷控股
2341.HK	中怡國際
2342.HK	京信通信
2343.HK	太平洋航運
2345.HK	上海集優
2346.HK	星宇控股
2348.HK	東瑞製葯
2349.HK	中國城市基礎設施
2355.HK	寶業集團
2356.HK	大新銀行集團
2357.HK	中航科工
2358.HK	久融控股
2359.HK	藥明康德
2360.HK	優品３６０
2362.HK	金川國際
2363.HK	通達宏泰
2366.HK	星美文化旅遊
2368.HK	鷹美
2369.HK	酷派集團
2371.HK	創聯教育金融
2377.HK	博奇環保
2378.HK	保誠
2379.HK	中天國際
2380.HK	中國電力
2381.HK	蜆壳電業
2382.HK	舜宇光學科技
2383.HK	ＴＯＭ集團
2386.HK	中石化煉化工程
2388.HK	中銀香港
2389.HK	北控醫療健康
2393.HK	巨星醫療控股
2398.HK	友佳國際
2399.HK	虎都
2400.HK	心動公司
2448.HK	恆宇集團
2488.HK	元征科技
2500.HK	啓明醫療－Ｂ
2528.HK	尚晉國際控股
2552.HK	華領醫藥－Ｂ
2558.HK	晉商銀行
2588.HK	中銀航空租賃
2600.HK	中國鋁業
2601.HK	中國太保
2606.HK	藍光嘉寶服務
2607.HK	上海醫藥
2608.HK	陽光１００中國
2611.HK	國泰君安
2616.HK	基石藥業－Ｂ
2623.HK	愛德新能源
2628.HK	中國人壽
2633.HK	雅各臣科研製藥
2638.HK	港燈－ＳＳ
2660.HK	禪遊科技
2662.HK	承興國際控股
2663.HK	應力控股
2666.HK	環球醫療
2668.HK	百德國際
2669.HK	中海物業
2678.HK	天虹紡織
2680.HK	創陞控股
2682.HK	潤利海事
2683.HK	華新手袋國際控股
2686.HK	亞美能源
2688.HK	新奧能源
2689.HK	玖龍紙業
2696.HK	復宏漢霖－Ｂ
2698.HK	魏橋紡織
2699.HK	新明中國
2700.HK	格林國際控股
2708.HK	艾伯科技
2718.HK	東正金融
2722.HK	重慶機電
2727.HK	上海電氣
2728.HK	金泰能源控股
2738.HK	華津國際控股
2768.HK	佳源國際控股
2772.HK	中梁控股
2777.HK	富力地產
2779.HK	中國新華教育
2788.HK	精熙國際
2789.HK	遠大中國
2798.HK	久泰邦達能源
2799.HK	中國華融
2822.HK	南方Ａ５０
2823.HK	安碩Ａ５０
2858.HK	易鑫集團
2863.HK	高豐集團控股
2866.HK	中遠海發
2868.HK	首創置業
2869.HK	綠城服務
2877.HK	神威藥業
2878.HK	SOLOMON SYSTECH
2880.HK	大連港
2882.HK	香港資源控股
2883.HK	中海油田服務
2885.HK	彼岸控股
2886.HK	濱海投資
2888.HK	渣打集團
2892.HK	萬城控股
2898.HK	龍潤茶
2899.HK	紫金礦業
3188.HK	華夏滬深三百
3300.HK	中國玻璃
3301.HK	融信中國
3302.HK	光控精技
3303.HK	巨濤海洋石油服務
3306.HK	江南布衣
3308.HK	金鷹商貿集團
3309.HK	希瑪眼科
3311.HK	中國建築國際
3313.HK	雅高控股
3315.HK	金邦達寶嘉
3316.HK	濱江服務
3318.HK	中國波頓
3319.HK	雅生活服務
3320.HK	華潤醫藥
3321.HK	偉鴻集團控股
3322.HK	永嘉集團
3323.HK	中國建材
3326.HK	保發集團
3328.HK	交通銀行
3329.HK	交銀國際
3330.HK	靈寶黃金
3331.HK	維達國際
3332.HK	中生聯合
3333.HK	中國恒大
3335.HK	ＤＢＡ電訊
3336.HK	巨騰國際
3337.HK	安東油田服務
3339.HK	中國龍工
3344.HK	共享集團
3348.HK	中國鵬飛集團
3358.HK	榮威國際
3360.HK	遠東宏信
3363.HK	正業國際
3366.HK	華僑城（亞洲）
3368.HK	百盛集團
3369.HK	秦港股份
3377.HK	遠洋集團
3378.HK	廈門港務
3380.HK	龍光集團
3382.HK	天津港發展
3383.HK	雅居樂集團
3389.HK	亨得利
3390.HK	滿貫集團
3393.HK	威勝控股
3395.HK	PERSTA
3396.HK	聯想控股
3398.HK	華鼎控股
3399.HK	粵運交通
3600.HK	現代牙科
3601.HK	魯大師
3603.HK	信基沙溪
3606.HK	福耀玻璃
3608.HK	永盛新材料
3613.HK	同仁堂國藥
3616.HK	恒達集團控股
3618.HK	重慶農村商業銀行
3623.HK	中國金融發展
3626.HK	HSSP INTL
3628.HK	仁恒實業控股
3633.HK	中裕燃氣
3636.HK	保利文化
3638.HK	華邦金融
3639.HK	億達中國
3662.HK	奧園健康
3663.HK	協眾國際控股
3666.HK	國際天食
3668.HK	兗煤澳大利亞
3669.HK	永達汽車
3678.HK	弘業期貨
3680.HK	索信達控股
3681.HK	中國抗體－Ｂ
3683.HK	榮豐聯合控股
3686.HK	祈福生活服務
3688.HK	萊蒙國際
3689.HK	康華醫療
3690.HK	美團點評－Ｗ
3692.HK	翰森製藥
3698.HK	徽商銀行
3699.HK	光大永年
3700.HK	映客
3708.HK	日成控股
3709.HK	贏家時尚
3718.HK	北控城市資源
3728.HK	正利控股
3737.HK	中智藥業
3738.HK	阜博集團
3759.HK	康龍化成
3768.HK	滇池水務
3773.HK	年年卡
3778.HK	中國織材控股
3788.HK	中國罕王
3789.HK	御佳控股
3798.HK	家鄉互動
3799.HK	達利食品
3800.HK	保利協鑫能源
3808.HK	中國重汽
3813.HK	寶勝國際
3816.HK	ＫＦＭ金德
3818.HK	中國動向
3822.HK	三和建築集團
3828.HK	明輝國際
3830.HK	童園國際
3833.HK	新疆新鑫礦業
3836.HK	和諧汽車
3838.HK	中國澱粉
3839.HK	正大企業國際
3848.HK	富道集團
3860.HK	尚捷集團控股
3866.HK	青島銀行
3868.HK	信義能源
3869.HK	弘和仁愛醫療
3877.HK	中國船舶租賃
3878.HK	VICON HOLDINGS
3882.HK	天彩控股
3883.HK	中國奧園
3886.HK	康健國際醫療
3888.HK	金山軟件
3889.HK	大成糖業
3893.HK	易緯集團
3898.HK	中車時代電氣
3899.HK	中集安瑞科
3900.HK	綠城中國
3903.HK	瀚華金控
3908.HK	中金公司
3918.HK	金界控股
3919.HK	金力集團
3928.HK	S&T HLDGS
3933.HK	聯邦制藥
3938.HK	ＬＦＧ投資控股
3939.HK	萬國國際礦業
3948.HK	伊泰煤炭
3958.HK	東方證券
3963.HK	融眾金融
3966.HK	中國寶豐國際
3968.HK	招商銀行
3969.HK	中國通號
3978.HK	卓越教育集團
3983.HK	中海石油化學
3988.HK	中國銀行
3989.HK	首創環境
3990.HK	美的置業
3991.HK	長虹佳華
3992.HK	創毅控股
3993.HK	洛陽鉬業
3996.HK	中國能源建設
3997.HK	電訊首科
3998.HK	波司登
3999.HK	大成食品
6030.HK	中信証券
6033.HK	電訊數碼控股
6036.HK	光麗科技
6038.HK	信越控股
6049.HK	保利物業
6055.HK	中煙香港
6058.HK	興證國際
6060.HK	眾安在綫
6063.HK	智中國際
6066.HK	中信建投証券
6068.HK	睿見教育
6069.HK	盛業資本
6080.HK	榮智控股
6083.HK	環宇物流（亞洲）
6088.HK	FIT HON TENG
6090.HK	勝捷企業
6093.HK	和泓服務
6098.HK	碧桂園服務
6099.HK	招商證券
6100.HK	有才天下獵聘
6108.HK	新銳醫藥
6110.HK	滔搏
6111.HK	大發地產
6113.HK	UTS MARKETING
6116.HK	拉夏貝爾
6117.HK	日照港裕廊
6118.HK	奧星生命科技
6119.HK	天源集團
6122.HK	九台農商銀行
6123.HK	圓通速遞國際
6128.HK	泛亞國際
6133.HK	維太創科
6136.HK	康達環保
6138.HK	哈爾濱銀行
6139.HK	金茂酒店－ＳＳ
6158.HK	正榮地產
6160.HK	百濟神州
6161.HK	泰加保險
6162.HK	天瑞汽車內飾
6163.HK	彭順國際
6166.HK	中國宏泰發展
6168.HK	中國優通
6169.HK	宇華教育
6178.HK	光大證券
6182.HK	乙德投資控股
6183.HK	中國綠寶
6185.HK	康希諾生物－Ｂ
6186.HK	中國飛鶴
6188.HK	迪信通
6189.HK	愛得威建設集團
6190.HK	九江銀行
6193.HK	泰林科建
6196.HK	鄭州銀行
6198.HK	青島港
6199.HK	貴州銀行
6805.HK	金茂源環保
6806.HK	申萬宏源
6808.HK	高鑫零售
6811.HK	太興集團
6812.HK	永順控股香港
6816.HK	瑞港建設
6818.HK	中國光大銀行
6819.HK	中智全球
6820.HK	友誼時光
6822.HK	科勁國際
6823.HK	香港電訊－ＳＳ
6826.HK	昊海生物科技
6828.HK	北京燃氣藍天
6829.HK	龍昇集團控股
6830.HK	華眾車載
6833.HK	興科蓉醫藥
6836.HK	天韻國際控股
6837.HK	海通證券
6838.HK	盈利時
6839.HK	雲南水務
6855.HK	亞盛醫藥－Ｂ
6858.HK	本間高爾夫
6860.HK	指尖悅動
6862.HK	海底撈
6865.HK	福萊特玻璃
6866.HK	佐力小貸
6868.HK	天福
6869.HK	長飛光纖光纜
6877.HK	CLSA PREMIUM
6878.HK	鼎豐集團控股
6880.HK	騰邦控股
6881.HK	中國銀河
6882.HK	東瀛遊
6885.HK	金馬能源
6886.HK	HTSC
6888.HK	英達公路再生科技
6889.HK	DYNAM JAPAN
6890.HK	康利國際控股
6893.HK	衍生集團
6896.HK	金嗓子
6898.HK	中國鋁罐
6899.HK	聯眾
6908.HK	宏光照明
6918.HK	奇士達
6919.HK	人瑞人才
6928.HK	TOMO HOLDINGS
6966.HK	中國萬桐園
8001.HK	東方匯財證券
8003.HK	世大控股
8005.HK	裕興科技
8006.HK	華泰瑞銀
8007.HK	環球戰略集團
8009.HK	華夏能源控股
8011.HK	百田石油
8013.HK	ECI TECH
8017.HK	捷利交易寶
8018.HK	匯財金融投資
8019.HK	皓文控股
8020.HK	宏海控股集團
8021.HK	匯隆控股
8022.HK	永耀集團控股
8023.HK	鄺文記
8025.HK	亞洲資產
8026.HK	朗華國際集團
8027.HK	吉輝控股
8028.HK	天時軟件
8029.HK	太陽國際
8030.HK	匯聯金融服務
8031.HK	易通訊集團
8032.HK	非凡中國
8033.HK	愛達利網絡
8035.HK	駿高控股
8036.HK	電子交易集團
8037.HK	中國生物科技服務
8039.HK	中國卓銀
8040.HK	ＤＣＢ控股
8041.HK	薈萃國際（控股）
8042.HK	高奧士國際
8043.HK	ATLINKS
8045.HK	南大蘇富特
8047.HK	中國海洋發展
8048.HK	御德國際控股
8049.HK	吉林長龍藥業
8050.HK	量子思維
8051.HK	訊智海
8052.HK	陸慶娛樂
8053.HK	比優集團
8055.HK	中國網絡信息科技
8056.HK	生活概念
8057.HK	麥迪森控股
8059.HK	朝威控股
8060.HK	國聯通信
8062.HK	俊盟國際
8063.HK	環球大通集團
8065.HK	高萌科技
8066.HK	品創控股
8067.HK	東方大學城控股
8069.HK	縱橫遊控股
8070.HK	僑洋國際控股
8071.HK	中彩網通控股
8072.HK	羅馬集團
8073.HK	興業新材料
80737.HK	灣區發展－Ｒ
8075.HK	寰亞傳媒
8076.HK	新利軟件
8078.HK	中國創意數碼
8079.HK	易還財務投資
8080.HK	北亞策略
8081.HK	恆泰裕集團
8082.HK	太陽娛樂集團
8083.HK	中國有贊
8085.HK	香港生命科學
8086.HK	新維國際控股
8087.HK	中國三三傳媒
8088.HK	滙友生命科學
8089.HK	華人策略控股
8090.HK	中國融保金融集團
8091.HK	奧傳思維控股
8092.HK	ITE HOLDINGS
8093.HK	萬星控股
8095.HK	北大青鳥環宇
8096.HK	賞之味
8098.HK	昌利控股
8100.HK	智易控股
8101.HK	壹家壹品
8103.HK	ＨＭＶＯＤ視頻
8105.HK	皇岦
8106.HK	升華蘭德
8107.HK	威誠國際控股
8108.HK	福澤集團
8109.HK	麒麟集團控股
8111.HK	中國科技產業集團
8112.HK	基石金融
8113.HK	揚宇科技
8115.HK	上海青浦消防
8116.HK	中國幸福投資
8117.HK	中國基礎能源
8118.HK	濠亮環球
8119.HK	即時科研
8120.HK	國農金融投資
8121.HK	超凡網絡
8123.HK	華億金控
8125.HK	仁德資源
8126.HK	Ｇ﹒Ａ﹒控股
8128.HK	中國地熱能
8130.HK	大地國際集團
8131.HK	辰罡科技
8132.HK	中油港燃
8133.HK	鑄能控股
8135.HK	正美豐業
8136.HK	英馬斯集團
8137.HK	洪橋集團
8139.HK	長安仁恒
8140.HK	人和科技
8142.HK	德利機械
8143.HK	金威醫療
8146.HK	怡園酒業
8147.HK	匯思太平洋
8148.HK	奧栢中國
8149.HK	浩德控股
8150.HK	無縫綠色
8151.HK	寶申控股
8152.HK	明樑控股
8153.HK	法諾集團
8155.HK	南華資產控股
8156.HK	國藥科技股份
8158.HK	中國再生醫學
8159.HK	輝煌科技
8160.HK	GOLDWAY EDU
8161.HK	醫匯集團
8162.HK	港銀控股
8163.HK	領智金融
8165.HK	華普智通
8166.HK	中國農業生態
8167.HK	中國新電信
8168.HK	寶積資本
8169.HK	環康集團
8170.HK	全民國際
8171.HK	中國趨勢
8172.HK	拉近網娛
8173.HK	萬亞企業控股
8175.HK	中國數碼文化
8176.HK	超人智能
8178.HK	中國信息科技
8179.HK	新煮意控股
8181.HK	時時服務
8186.HK	同仁資源
8187.HK	積木集團
8188.HK	駿傑集團控股
8189.HK	泰達生物
8190.HK	康佰控股
8191.HK	鴻偉亞洲
8192.HK	環球通証
8193.HK	亞太金融投資
8195.HK	L&A INTL HOLD
8196.HK	建禹集團
8198.HK	樂透互娛
8200.HK	修身堂
8201.HK	寶聯控股
8202.HK	匯創控股
8203.HK	凱順控股
8205.HK	交大慧谷
8206.HK	神通機器人教育
8207.HK	中新控股
8208.HK	WMCH GLOBAL
8210.HK	衍匯亞洲
8211.HK	浙江永安
8212.HK	譽滿國際控股
8213.HK	榮暉控股
8215.HK	FIRST CREDIT
8216.HK	豐城控股
8217.HK	聯旺集團
8218.HK	毅高國際控股
8219.HK	恆偉集團控股
8220.HK	比高集團
8221.HK	PF GROUP
8222.HK	壹照明
8223.HK	紫元元
8225.HK	中國醫療集團
8226.HK	樹熊金融集團
8227.HK	海天天綫
8228.HK	國藝娛樂
8229.HK	FUTURE DATA
8230.HK	中國宇天
8231.HK	節能元件
8232.HK	CLASSIFIED GP
8235.HK	賽迪顧問
8236.HK	寶德科技集團
8237.HK	華星控股
8238.HK	惠陶集團
8239.HK	首都金融控股
8241.HK	英記茶莊集團
8242.HK	新威斯頓
8245.HK	安悅國際控股
8246.HK	中華燃氣
8247.HK	中生北控生物科技
8249.HK	瑞遠智控
8250.HK	絲路能源
8255.HK	神州數字
8256.HK	金利通
8257.HK	靖洋集團
8258.HK	西北實業
8259.HK	HON CORP
8260.HK	銀合控股
8262.HK	宏強控股
8265.HK	中國之信集團
8266.HK	卓信國際控股
8267.HK	藍港互動
8268.HK	迪臣建設
8269.HK	富譽控股
8270.HK	中國煤層氣
8271.HK	環球數碼創意
8272.HK	華人飲食集團
8275.HK	永勤集團控股
8277.HK	駿東控股
8279.HK	亞博科技控股
8280.HK	中國數字視頻
8281.HK	中國金典集團
8282.HK	智傲控股
8283.HK	正力控股
8285.HK	森浩集團
8286.HK	長城微光
8287.HK	百家淘客
8290.HK	亞勢備份
8291.HK	萬成金屬包裝
8292.HK	盛良物流
8293.HK	星亞控股
8295.HK	中植資本國際
8296.HK	中國生命集團
8297.HK	芭迪貝伊
8299.HK	大唐潼金
8300.HK	皇璽餐飲集團
8301.HK	明華科技
8305.HK	棠記控股
8307.HK	密迪斯肌
8308.HK	古兜控股
8309.HK	萬成環球控股
8310.HK	大豐港
8311.HK	圓美光電
8313.HK	杰地集團
8315.HK	長城匯理
8316.HK	柏榮集團控股
8317.HK	財華社集團
8319.HK	思博系統
8320.HK	沛然環保
8321.HK	泰錦控股
8325.HK	中國支付通
8326.HK	同景新能源
8328.HK	信義香港
8329.HK	海王英特龍
8331.HK	恆勤集團
8333.HK	阿仕特朗金融
8337.HK	直通電訊
8340.HK	域高金融
8341.HK	艾碩控股
8346.HK	創新電子控股
8347.HK	Ｆ８企業
8348.HK	濱海泰達物流
8349.HK	美固科技控股
8350.HK	駿溢環球金融
8351.HK	俊文寶石
8353.HK	安科系統
8356.HK	中國新華電視
8357.HK	REPUBLIC HC
8360.HK	利駿集團香港
8362.HK	運興泰集團
8363.HK	SDM GROUP
8365.HK	建泉國際控股
8366.HK	浙江聯合投資
8367.HK	倩碧控股
8368.HK	中國創意控股
8370.HK	智昇集團控股
8371.HK	嚐高美集團
8372.HK	君百延集團
8373.HK	靛藍星
8375.HK	弘浩國際控股
8377.HK	申酉控股
8379.HK	匯安智能
8383.HK	東駿控股
8385.HK	萬里印刷
8391.HK	精雅印刷集團
8392.HK	舍圖控股
8395.HK	齊家控股
8400.HK	亞洲先鋒娛樂
8401.HK	源想集團
8402.HK	GT STEEL GROUP
8403.HK	天平道合
8405.HK	恒智控股
8406.HK	合寶豐年
8411.HK	K W NELSON GP
8412.HK	高門集團
8413.HK	亞洲雜貨
8416.HK	HM INTL HLDGS
8417.HK	大地教育
8418.HK	傲迪瑪汽車
8419.HK	ＡＶ策劃推廣
8420.HK	NEXION TECH
8422.HK	ＷＴ集團
8423.HK	CHI HO DEV
8425.HK	興銘控股
8426.HK	雅居投資控股
8427.HK	瑞強集團
8428.HK	國茂控股
8429.HK	冰雪集團
8430.HK	春能控股
8431.HK	浩柏國際
8432.HK	太平洋酒吧
8436.HK	德寶集團控股
8437.HK	德斯控股
8439.HK	新百利融資
8441.HK	國際永勝集團
8445.HK	怡康泰工程集團
8446.HK	ITP HOLDINGS
8447.HK	MS CONCEPT
8448.HK	環球印館
8450.HK	鉅京控股
8451.HK	日光控股
8452.HK	富銀融資股份
8455.HK	禮建德集團
8456.HK	民信國際控股
8460.HK	基地錦標集團
8462.HK	橋英控股
8465.HK	高科橋
8471.HK	新達控股
8472.HK	立高控股
8473.HK	彌明生活百貨
8475.HK	千盛集團控股
8476.HK	大洋環球控股
8479.HK	金泰豐國際控股
8480.HK	飛霓控股
8481.HK	盛龍錦秀國際
8482.HK	萬勵達
8483.HK	名仕快相
8485.HK	竣球控股
8487.HK	ISP GLOBAL
8490.HK	駿碼科技
8491.HK	COOL LINK
8493.HK	龍皇集團
8495.HK	1957 & CO.
8496.HK	新加坡美食控股
8500.HK	天泓文創
8501.HK	莊皇集團公司
8502.HK	遠航港口
8506.HK	福紡控股
8507.HK	愛世紀集團
8509.HK	威揚酒業控股
8510.HK	TOPSTANDARDCORP
8511.HK	ZC TECH GP
8512.HK	凱富善集團控股
8513.HK	官醞控股
8516.HK	廣駿集團控股
8519.HK	JIA GROUP
8521.HK	智紡國際控股
8523.HK	常滿控股
8525.HK	百應租賃
8526.HK	榮豐集團亞洲
8527.HK	聚利寶控股
8532.HK	寶發控股
8535.HK	熒德控股
8536.HK	TL NATURAL GAS
8537.HK	創輝珠寶
8540.HK	勝利證券
8545.HK	佰悅集團
8547.HK	PACIFIC LEGEND
8552.HK	基石金融
8553.HK	中國三三傳媒
8600.HK	樂透互娛
8601.HK	寶燵控股
8603.HK	亮晴控股
8606.HK	倢冠控股
8607.HK	納尼亞集團
8609.HK	永續農業
8611.HK	MINDTELL TECH
8612.HK	維亮控股
8613.HK	東方支付集團控股
8616.HK	新威工程集團
8617.HK	永聯豐控股
8619.HK	WAC HOLDINGS
8620.HK	亞洲速運
8621.HK	METROPOLIS CAP
8622.HK	華康生物醫學
8627.HK	旅橙文化
8631.HK	申港控股
8635.HK	連成科技集團
8645.HK	NOMAD TECH
8646.HK	中國宏光
8668.HK	瀛海集團
9618.HK	京東集團－ＳＷ
9900.HK	德益控股
9909.HK	寶龍商業
9911.HK	赤子城科技
9916.HK	興業物聯
9918.HK	麗年國際
9919.HK	艾德韋宣集團
9922.HK	九毛九
9923.HK	移卡
9926.HK	康方生物－Ｂ
9928.HK	時代鄰里
9929.HK	澳達控股
9933.HK	GHW INTL
9936.HK	稀美資源
9938.HK	華和控股
9939.HK	開拓藥業－Ｂ
9966.HK	康寧傑瑞製藥－Ｂ
9968.HK	滙景控股
9969.HK	諾誠健華－Ｂ
9978.HK	方圓房服集團
9983.HK	建業新生活
9988.HK	阿里巴巴－ＳＷ
9996.HK	沛嘉醫療－Ｂ
9998.HK	光榮控股
9999.HK	網易－Ｓ
